-- phpMyAdmin SQL Dump
-- version 4.1.14
-- http://www.phpmyadmin.net
--
-- Host: 127.0.0.1
-- Generation Time: Apr 06, 2025 at 02:09 PM
-- Server version: 5.6.17
-- PHP Version: 5.5.12

SET SQL_MODE = "NO_AUTO_VALUE_ON_ZERO";
SET time_zone = "+00:00";


/*!40101 SET @OLD_CHARACTER_SET_CLIENT=@@CHARACTER_SET_CLIENT */;
/*!40101 SET @OLD_CHARACTER_SET_RESULTS=@@CHARACTER_SET_RESULTS */;
/*!40101 SET @OLD_COLLATION_CONNECTION=@@COLLATION_CONNECTION */;
/*!40101 SET NAMES utf8 */;

--
-- Database: `school_results`
--

-- --------------------------------------------------------

--
-- Table structure for table `academic_sessions`
--

CREATE TABLE IF NOT EXISTS `academic_sessions` (
  `id` int(11) NOT NULL AUTO_INCREMENT,
  `name` varchar(50) NOT NULL,
  `start_date` date DEFAULT NULL,
  `end_date` date DEFAULT NULL,
  PRIMARY KEY (`id`)
) ENGINE=InnoDB  DEFAULT CHARSET=latin1 AUTO_INCREMENT=3 ;

--
-- Dumping data for table `academic_sessions`
--

INSERT INTO `academic_sessions` (`id`, `name`, `start_date`, `end_date`) VALUES
(1, '2023/2024', NULL, NULL),
(2, '2024/2025', NULL, NULL);

-- --------------------------------------------------------

--
-- Table structure for table `admins`
--

CREATE TABLE IF NOT EXISTS `admins` (
  `id` int(11) NOT NULL AUTO_INCREMENT,
  `username` varchar(50) NOT NULL,
  `password` varchar(255) NOT NULL,
  `email` varchar(100) DEFAULT NULL,
  PRIMARY KEY (`id`),
  UNIQUE KEY `username` (`username`)
) ENGINE=InnoDB  DEFAULT CHARSET=latin1 AUTO_INCREMENT=2 ;

--
-- Dumping data for table `admins`
--

INSERT INTO `admins` (`id`, `username`, `password`, `email`) VALUES
(1, 'admin', '$2y$10$92IXUNpkjO0rOQ5byMi.Ye4oKoEa3Ro9llC/.og/at2.uheWG/igi', NULL);

-- --------------------------------------------------------

--
-- Table structure for table `affective_skills`
--

CREATE TABLE IF NOT EXISTS `affective_skills` (
  `id` int(11) NOT NULL AUTO_INCREMENT,
  `student_id` int(11) NOT NULL,
  `session_id` int(11) NOT NULL,
  `term_id` int(11) NOT NULL,
  `trait1` varchar(20) DEFAULT NULL,
  `trait2` varchar(20) DEFAULT NULL,
  `trait3` varchar(20) DEFAULT NULL,
  `trait4` varchar(20) DEFAULT NULL,
  `trait5` varchar(20) DEFAULT NULL,
  PRIMARY KEY (`id`),
  KEY `student_id` (`student_id`)
) ENGINE=InnoDB  DEFAULT CHARSET=latin1 AUTO_INCREMENT=11 ;

--
-- Dumping data for table `affective_skills`
--

INSERT INTO `affective_skills` (`id`, `student_id`, `session_id`, `term_id`, `trait1`, `trait2`, `trait3`, `trait4`, `trait5`) VALUES
(1, 6, 1, 1, '5', '4', '5', '3', '4'),
(2, 7, 1, 1, '4', '5', '3', '4', '5'),
(3, 8, 1, 1, '4', '5', '3', '4', '3'),
(4, 9, 1, 1, '4', '5', '3', '4', '4'),
(5, 10, 1, 1, '4', '5', '3', '4', '3'),
(6, 11, 1, 1, '5', '4', '5', '3', '4'),
(7, 12, 1, 1, '4', '5', '3', '4', '5'),
(8, 13, 1, 1, '4', '5', '3', '4', '3'),
(9, 14, 1, 1, '4', '5', '3', '4', '4'),
(10, 15, 1, 1, '4', '5', '3', '4', '3');

-- --------------------------------------------------------

--
-- Table structure for table `classes`
--

CREATE TABLE IF NOT EXISTS `classes` (
  `id` int(11) NOT NULL AUTO_INCREMENT,
  `name` varchar(50) NOT NULL,
  PRIMARY KEY (`id`)
) ENGINE=InnoDB  DEFAULT CHARSET=latin1 AUTO_INCREMENT=5 ;

--
-- Dumping data for table `classes`
--

INSERT INTO `classes` (`id`, `name`) VALUES
(1, 'JSS1'),
(2, 'JSS2'),
(3, 'SS1'),
(4, 'SS2');

-- --------------------------------------------------------

--
-- Table structure for table `gpa_records`
--

CREATE TABLE IF NOT EXISTS `gpa_records` (
  `id` int(11) NOT NULL AUTO_INCREMENT,
  `student_id` int(11) NOT NULL,
  `session_id` int(11) NOT NULL,
  `term_id` int(11) NOT NULL,
  `gpa` decimal(5,2) DEFAULT NULL,
  `cgpa` decimal(5,2) DEFAULT NULL,
  PRIMARY KEY (`id`),
  KEY `student_id` (`student_id`)
) ENGINE=InnoDB  DEFAULT CHARSET=latin1 AUTO_INCREMENT=11 ;

--
-- Dumping data for table `gpa_records`
--

INSERT INTO `gpa_records` (`id`, `student_id`, `session_id`, `term_id`, `gpa`, `cgpa`) VALUES
(1, 6, 1, 1, '5.00', '5.00'),
(2, 7, 1, 1, '4.67', '4.67'),
(3, 8, 1, 1, '3.96', '3.96'),
(4, 9, 1, 1, '3.96', '3.96'),
(5, 10, 1, 1, '5.00', '5.00'),
(6, 11, 1, 1, '2.22', '2.22'),
(7, 12, 1, 1, '2.22', '2.22'),
(8, 13, 1, 1, '2.00', '2.00'),
(9, 14, 1, 1, '1.81', '1.81'),
(10, 15, 1, 1, '2.22', '2.22');

-- --------------------------------------------------------

--
-- Table structure for table `psychomotor_skills`
--

CREATE TABLE IF NOT EXISTS `psychomotor_skills` (
  `id` int(11) NOT NULL AUTO_INCREMENT,
  `student_id` int(11) NOT NULL,
  `session_id` int(11) NOT NULL,
  `term_id` int(11) NOT NULL,
  `skill1` varchar(20) DEFAULT NULL,
  `skill2` varchar(20) DEFAULT NULL,
  `skill3` varchar(20) DEFAULT NULL,
  `skill4` varchar(20) DEFAULT NULL,
  `skill5` varchar(20) DEFAULT NULL,
  PRIMARY KEY (`id`),
  KEY `student_id` (`student_id`)
) ENGINE=InnoDB  DEFAULT CHARSET=latin1 AUTO_INCREMENT=11 ;

--
-- Dumping data for table `psychomotor_skills`
--

INSERT INTO `psychomotor_skills` (`id`, `student_id`, `session_id`, `term_id`, `skill1`, `skill2`, `skill3`, `skill4`, `skill5`) VALUES
(1, 6, 1, 1, '5', '4', '5', '3', '4'),
(2, 7, 1, 1, '4', '5', '3', '4', '5'),
(3, 8, 1, 1, '4', '5', '3', '4', '3'),
(4, 9, 1, 1, '4', '5', '3', '4', '4'),
(5, 10, 1, 1, '4', '5', '3', '4', '3'),
(6, 11, 1, 1, '5', '4', '5', '3', '4'),
(7, 12, 1, 1, '4', '5', '3', '4', '5'),
(8, 13, 1, 1, '4', '5', '3', '4', '3'),
(9, 14, 1, 1, '4', '5', '3', '4', '4'),
(10, 15, 1, 1, '4', '5', '3', '4', '3');

-- --------------------------------------------------------

--
-- Table structure for table `results`
--

CREATE TABLE IF NOT EXISTS `results` (
  `id` int(11) NOT NULL AUTO_INCREMENT,
  `student_id` int(11) NOT NULL,
  `subject_id` int(11) NOT NULL,
  `session_id` int(11) NOT NULL,
  `term_id` int(11) NOT NULL,
  `test1` decimal(5,2) DEFAULT NULL,
  `test2` decimal(5,2) DEFAULT NULL,
  `exam` decimal(5,2) DEFAULT NULL,
  `total` decimal(5,2) DEFAULT NULL,
  `grade` varchar(2) DEFAULT NULL,
  `remark` varchar(20) DEFAULT NULL,
  PRIMARY KEY (`id`),
  KEY `student_id` (`student_id`),
  KEY `subject_id` (`subject_id`),
  KEY `session_id` (`session_id`),
  KEY `term_id` (`term_id`)
) ENGINE=InnoDB  DEFAULT CHARSET=latin1 AUTO_INCREMENT=273 ;

--
-- Dumping data for table `results`
--

INSERT INTO `results` (`id`, `student_id`, `subject_id`, `session_id`, `term_id`, `test1`, `test2`, `exam`, `total`, `grade`, `remark`) VALUES
(3, 6, 1, 1, 1, '14.00', '12.00', '56.00', '82.00', 'A', 'PASS'),
(4, 6, 2, 1, 1, '14.00', '12.00', '56.00', '82.00', 'A', 'PASS'),
(5, 6, 3, 1, 1, '14.00', '12.00', '56.00', '82.00', 'A', 'PASS'),
(6, 6, 4, 1, 1, '14.00', '12.00', '56.00', '82.00', 'A', 'PASS'),
(7, 6, 5, 1, 1, '12.00', '10.00', '57.00', '79.00', 'A', 'PASS'),
(8, 6, 6, 1, 1, '12.00', '13.00', '57.00', '82.00', 'A', 'PASS'),
(9, 6, 7, 1, 1, '13.00', '13.00', '57.00', '83.00', 'A', 'PASS'),
(10, 6, 8, 1, 1, '13.00', '13.00', '57.00', '83.00', 'A', 'PASS'),
(11, 6, 9, 1, 1, '14.00', '12.00', '56.00', '82.00', 'A', 'PASS'),
(12, 6, 10, 1, 1, '14.00', '12.00', '56.00', '82.00', 'A', 'PASS'),
(13, 6, 11, 1, 1, '14.00', '12.00', '56.00', '82.00', 'A', 'PASS'),
(14, 6, 12, 1, 1, '14.00', '12.00', '56.00', '82.00', 'A', 'PASS'),
(15, 6, 13, 1, 1, '14.00', '12.00', '56.00', '82.00', 'A', 'PASS'),
(16, 6, 14, 1, 1, '14.00', '12.00', '56.00', '82.00', 'A', 'PASS'),
(17, 6, 15, 1, 1, '14.00', '12.00', '56.00', '82.00', 'A', 'PASS'),
(18, 6, 16, 1, 1, '14.00', '12.00', '56.00', '82.00', 'A', 'PASS'),
(19, 6, 17, 1, 1, '14.00', '12.00', '56.00', '82.00', 'A', 'PASS'),
(20, 6, 18, 1, 1, '12.00', '14.00', '56.00', '82.00', 'A', 'PASS'),
(21, 6, 19, 1, 1, '14.00', '12.00', '56.00', '82.00', 'A', 'PASS'),
(22, 6, 20, 1, 1, '14.00', '12.00', '56.00', '82.00', 'A', 'PASS'),
(23, 6, 21, 1, 1, '14.00', '12.00', '56.00', '82.00', 'A', 'PASS'),
(24, 6, 22, 1, 1, '14.00', '12.00', '56.00', '82.00', 'A', 'PASS'),
(25, 6, 23, 1, 1, '14.00', '12.00', '56.00', '82.00', 'A', 'PASS'),
(26, 6, 24, 1, 1, '14.00', '12.00', '56.00', '82.00', 'A', 'PASS'),
(27, 6, 25, 1, 1, '14.00', '12.00', '56.00', '82.00', 'A', 'PASS'),
(28, 6, 26, 1, 1, '14.00', '12.00', '56.00', '82.00', 'A', 'PASS'),
(29, 6, 27, 1, 1, '14.00', '12.00', '56.00', '82.00', 'A', 'PASS'),
(30, 7, 1, 1, 1, '13.00', '12.00', '57.00', '82.00', 'A', 'PASS'),
(31, 7, 2, 1, 1, '13.00', '12.00', '57.00', '82.00', 'A', 'PASS'),
(32, 7, 3, 1, 1, '13.00', '12.00', '57.00', '82.00', 'A', 'PASS'),
(33, 7, 4, 1, 1, '13.00', '12.00', '57.00', '82.00', 'A', 'PASS'),
(34, 7, 5, 1, 1, '12.00', '11.00', '56.00', '79.00', 'A', 'PASS'),
(35, 7, 6, 1, 1, '12.00', '14.00', '56.00', '82.00', 'A', 'PASS'),
(36, 7, 7, 1, 1, '14.00', '14.00', '56.00', '84.00', 'A', 'PASS'),
(37, 7, 8, 1, 1, '14.00', '14.00', '56.00', '84.00', 'A', 'PASS'),
(38, 7, 9, 1, 1, '14.00', '12.00', '56.00', '82.00', 'A', 'PASS'),
(39, 7, 10, 1, 1, '14.00', '12.00', '56.00', '82.00', 'A', 'PASS'),
(40, 7, 11, 1, 1, '14.00', '12.00', '56.00', '82.00', 'A', 'PASS'),
(41, 7, 12, 1, 1, '14.00', '12.00', '56.00', '82.00', 'A', 'PASS'),
(42, 7, 13, 1, 1, '14.00', '12.00', '56.00', '82.00', 'A', 'PASS'),
(43, 7, 14, 1, 1, '14.00', '12.00', '56.00', '82.00', 'A', 'PASS'),
(44, 7, 15, 1, 1, '14.00', '12.00', '56.00', '82.00', 'A', 'PASS'),
(45, 7, 16, 1, 1, '14.00', '12.00', '56.00', '82.00', 'A', 'PASS'),
(46, 7, 17, 1, 1, '14.00', '12.00', '56.00', '82.00', 'A', 'PASS'),
(47, 7, 18, 1, 1, '12.00', '13.00', '57.00', '82.00', 'A', 'PASS'),
(48, 7, 19, 1, 1, '13.00', '12.00', '57.00', '82.00', 'A', 'PASS'),
(49, 7, 20, 1, 1, '13.00', '12.00', '57.00', '82.00', 'A', 'PASS'),
(50, 7, 21, 1, 1, '13.00', '12.00', '57.00', '82.00', 'A', 'PASS'),
(51, 7, 22, 1, 1, '13.00', '12.00', '57.00', '82.00', 'A', 'PASS'),
(52, 7, 23, 1, 1, '13.00', '12.00', '57.00', '82.00', 'A', 'PASS'),
(53, 7, 24, 1, 1, '0.00', '0.00', '0.00', '0.00', 'F', 'FAIL'),
(54, 7, 25, 1, 1, '13.00', '12.00', '30.00', '55.00', 'C', 'PASS'),
(55, 7, 26, 1, 1, '13.00', '12.00', '57.00', '82.00', 'A', 'PASS'),
(56, 7, 27, 1, 1, '13.00', '12.00', '27.00', '52.00', 'C', 'PASS'),
(57, 8, 1, 1, 1, '6.00', '10.00', '34.00', '50.00', 'C', 'PASS'),
(58, 8, 2, 1, 1, '6.00', '10.00', '34.00', '50.00', 'C', 'PASS'),
(59, 8, 3, 1, 1, '6.00', '10.00', '34.00', '50.00', 'C', 'PASS'),
(60, 8, 4, 1, 1, '6.00', '10.00', '34.00', '50.00', 'C', 'PASS'),
(61, 8, 5, 1, 1, '12.00', '14.00', '57.00', '83.00', 'A', 'PASS'),
(62, 8, 6, 1, 1, '12.00', '13.00', '57.00', '82.00', 'A', 'PASS'),
(63, 8, 7, 1, 1, '13.00', '13.00', '57.00', '83.00', 'A', 'PASS'),
(64, 8, 8, 1, 1, '13.00', '13.00', '57.00', '83.00', 'A', 'PASS'),
(65, 8, 9, 1, 1, '14.00', '12.00', '56.00', '82.00', 'A', 'PASS'),
(66, 8, 10, 1, 1, '14.00', '12.00', '56.00', '82.00', 'A', 'PASS'),
(67, 8, 11, 1, 1, '14.00', '12.00', '56.00', '82.00', 'A', 'PASS'),
(68, 8, 12, 1, 1, '14.00', '12.00', '56.00', '82.00', 'A', 'PASS'),
(69, 8, 13, 1, 1, '14.00', '12.00', '56.00', '82.00', 'A', 'PASS'),
(70, 8, 14, 1, 1, '14.00', '12.00', '56.00', '82.00', 'A', 'PASS'),
(71, 8, 15, 1, 1, '14.00', '12.00', '56.00', '82.00', 'A', 'PASS'),
(72, 8, 16, 1, 1, '14.00', '12.00', '56.00', '82.00', 'A', 'PASS'),
(73, 8, 17, 1, 1, '14.00', '12.00', '56.00', '82.00', 'A', 'PASS'),
(74, 8, 18, 1, 1, '10.00', '6.00', '34.00', '50.00', 'C', 'PASS'),
(75, 8, 19, 1, 1, '6.00', '10.00', '34.00', '50.00', 'C', 'PASS'),
(76, 8, 20, 1, 1, '6.00', '10.00', '34.00', '50.00', 'C', 'PASS'),
(77, 8, 21, 1, 1, '6.00', '10.00', '34.00', '50.00', 'C', 'PASS'),
(78, 8, 22, 1, 1, '6.00', '10.00', '34.00', '50.00', 'C', 'PASS'),
(79, 8, 23, 1, 1, '6.00', '10.00', '34.00', '50.00', 'C', 'PASS'),
(80, 8, 24, 1, 1, '6.00', '10.00', '34.00', '50.00', 'C', 'PASS'),
(81, 8, 25, 1, 1, '6.00', '10.00', '34.00', '50.00', 'C', 'PASS'),
(82, 8, 26, 1, 1, '6.00', '10.00', '34.00', '50.00', 'C', 'PASS'),
(83, 8, 27, 1, 1, '6.00', '10.00', '34.00', '50.00', 'C', 'PASS'),
(84, 9, 1, 1, 1, '8.00', '11.00', '45.00', '64.00', 'C', 'PASS'),
(85, 9, 2, 1, 1, '8.00', '11.00', '45.00', '64.00', 'C', 'PASS'),
(86, 9, 3, 1, 1, '8.00', '11.00', '45.00', '64.00', 'C', 'PASS'),
(87, 9, 4, 1, 1, '8.00', '11.00', '45.00', '64.00', 'C', 'PASS'),
(88, 9, 5, 1, 1, '12.00', '14.00', '57.00', '83.00', 'A', 'PASS'),
(89, 9, 6, 1, 1, '12.00', '13.00', '57.00', '82.00', 'A', 'PASS'),
(90, 9, 7, 1, 1, '13.00', '13.00', '57.00', '83.00', 'A', 'PASS'),
(91, 9, 8, 1, 1, '13.00', '13.00', '57.00', '83.00', 'A', 'PASS'),
(92, 9, 9, 1, 1, '14.00', '12.00', '56.00', '82.00', 'A', 'PASS'),
(93, 9, 10, 1, 1, '14.00', '12.00', '56.00', '82.00', 'A', 'PASS'),
(94, 9, 11, 1, 1, '14.00', '12.00', '56.00', '82.00', 'A', 'PASS'),
(95, 9, 12, 1, 1, '14.00', '12.00', '56.00', '82.00', 'A', 'PASS'),
(96, 9, 13, 1, 1, '14.00', '12.00', '56.00', '82.00', 'A', 'PASS'),
(97, 9, 14, 1, 1, '14.00', '12.00', '56.00', '82.00', 'A', 'PASS'),
(98, 9, 15, 1, 1, '14.00', '12.00', '56.00', '82.00', 'A', 'PASS'),
(99, 9, 16, 1, 1, '14.00', '12.00', '56.00', '82.00', 'A', 'PASS'),
(100, 9, 17, 1, 1, '14.00', '12.00', '56.00', '82.00', 'A', 'PASS'),
(101, 9, 18, 1, 1, '11.00', '8.00', '45.00', '64.00', 'C', 'PASS'),
(102, 9, 19, 1, 1, '8.00', '11.00', '45.00', '64.00', 'C', 'PASS'),
(103, 9, 20, 1, 1, '8.00', '11.00', '45.00', '64.00', 'C', 'PASS'),
(104, 9, 21, 1, 1, '8.00', '11.00', '45.00', '64.00', 'C', 'PASS'),
(105, 9, 22, 1, 1, '8.00', '11.00', '45.00', '64.00', 'C', 'PASS'),
(106, 9, 23, 1, 1, '8.00', '11.00', '45.00', '64.00', 'C', 'PASS'),
(107, 9, 24, 1, 1, '8.00', '11.00', '45.00', '64.00', 'C', 'PASS'),
(108, 9, 25, 1, 1, '8.00', '11.00', '45.00', '64.00', 'C', 'PASS'),
(109, 9, 26, 1, 1, '8.00', '11.00', '45.00', '64.00', 'C', 'PASS'),
(110, 9, 27, 1, 1, '8.00', '11.00', '45.00', '64.00', 'C', 'PASS'),
(111, 10, 1, 1, 1, '13.00', '14.00', '69.00', '96.00', 'A', 'PASS'),
(112, 10, 2, 1, 1, '13.00', '14.00', '69.00', '96.00', 'A', 'PASS'),
(113, 10, 3, 1, 1, '13.00', '14.00', '69.00', '96.00', 'A', 'PASS'),
(114, 10, 4, 1, 1, '13.00', '14.00', '69.00', '96.00', 'A', 'PASS'),
(115, 10, 5, 1, 1, '12.00', '15.00', '56.00', '83.00', 'A', 'PASS'),
(116, 10, 6, 1, 1, '12.00', '14.00', '56.00', '82.00', 'A', 'PASS'),
(117, 10, 7, 1, 1, '14.00', '14.00', '56.00', '84.00', 'A', 'PASS'),
(118, 10, 8, 1, 1, '14.00', '14.00', '56.00', '84.00', 'A', 'PASS'),
(119, 10, 9, 1, 1, '14.00', '12.00', '56.00', '82.00', 'A', 'PASS'),
(120, 10, 10, 1, 1, '14.00', '12.00', '56.00', '82.00', 'A', 'PASS'),
(121, 10, 11, 1, 1, '14.00', '12.00', '56.00', '82.00', 'A', 'PASS'),
(122, 10, 12, 1, 1, '14.00', '12.00', '56.00', '82.00', 'A', 'PASS'),
(123, 10, 13, 1, 1, '14.00', '12.00', '56.00', '82.00', 'A', 'PASS'),
(124, 10, 14, 1, 1, '14.00', '12.00', '56.00', '82.00', 'A', 'PASS'),
(125, 10, 15, 1, 1, '14.00', '12.00', '56.00', '82.00', 'A', 'PASS'),
(126, 10, 16, 1, 1, '14.00', '12.00', '56.00', '82.00', 'A', 'PASS'),
(127, 10, 17, 1, 1, '14.00', '12.00', '56.00', '82.00', 'A', 'PASS'),
(128, 10, 18, 1, 1, '14.00', '13.00', '69.00', '96.00', 'A', 'PASS'),
(129, 10, 19, 1, 1, '13.00', '14.00', '69.00', '96.00', 'A', 'PASS'),
(130, 10, 20, 1, 1, '13.00', '14.00', '69.00', '96.00', 'A', 'PASS'),
(131, 10, 21, 1, 1, '13.00', '14.00', '69.00', '96.00', 'A', 'PASS'),
(132, 10, 22, 1, 1, '13.00', '14.00', '69.00', '96.00', 'A', 'PASS'),
(133, 10, 23, 1, 1, '13.00', '14.00', '69.00', '96.00', 'A', 'PASS'),
(134, 10, 24, 1, 1, '13.00', '14.00', '69.00', '96.00', 'A', 'PASS'),
(135, 10, 25, 1, 1, '13.00', '14.00', '69.00', '96.00', 'A', 'PASS'),
(136, 10, 26, 1, 1, '13.00', '14.00', '69.00', '96.00', 'A', 'PASS'),
(137, 10, 27, 1, 1, '13.00', '14.00', '69.00', '96.00', 'A', 'PASS'),
(138, 11, 1, 1, 1, '14.00', '12.00', '56.00', '82.00', 'A', 'PASS'),
(139, 11, 2, 1, 1, '14.00', '12.00', '56.00', '82.00', 'A', 'PASS'),
(140, 11, 3, 1, 1, '14.00', '12.00', '56.00', '82.00', 'A', 'PASS'),
(141, 11, 4, 1, 1, '14.00', '12.00', '56.00', '82.00', 'A', 'PASS'),
(142, 11, 5, 1, 1, '12.00', '10.00', '57.00', '79.00', 'A', 'PASS'),
(143, 11, 6, 1, 1, '12.00', '13.00', '57.00', '82.00', 'A', 'PASS'),
(144, 11, 7, 1, 1, '13.00', '13.00', '57.00', '83.00', 'A', 'PASS'),
(145, 11, 8, 1, 1, '13.00', '13.00', '57.00', '83.00', 'A', 'PASS'),
(146, 11, 9, 1, 1, '0.00', '0.00', '0.00', '0.00', 'F', 'FAIL'),
(147, 11, 10, 1, 1, '0.00', '0.00', '0.00', '0.00', 'F', 'FAIL'),
(148, 11, 11, 1, 1, '0.00', '0.00', '0.00', '0.00', 'F', 'FAIL'),
(149, 11, 12, 1, 1, '0.00', '0.00', '0.00', '0.00', 'F', 'FAIL'),
(150, 11, 13, 1, 1, '14.00', '12.00', '56.00', '82.00', 'A', 'PASS'),
(151, 11, 14, 1, 1, '0.00', '0.00', '0.00', '0.00', 'F', 'FAIL'),
(152, 11, 15, 1, 1, '0.00', '0.00', '0.00', '0.00', 'F', 'FAIL'),
(153, 11, 16, 1, 1, '0.00', '0.00', '0.00', '0.00', 'F', 'FAIL'),
(154, 11, 17, 1, 1, '14.00', '12.00', '56.00', '82.00', 'A', 'PASS'),
(155, 11, 18, 1, 1, '12.00', '14.00', '56.00', '82.00', 'A', 'PASS'),
(156, 11, 19, 1, 1, '0.00', '0.00', '0.00', '0.00', 'F', 'FAIL'),
(157, 11, 20, 1, 1, '0.00', '0.00', '0.00', '0.00', 'F', 'FAIL'),
(158, 11, 21, 1, 1, '0.00', '0.00', '0.00', '0.00', 'F', 'FAIL'),
(159, 11, 22, 1, 1, '0.00', '0.00', '0.00', '0.00', 'F', 'FAIL'),
(160, 11, 23, 1, 1, '0.00', '0.00', '0.00', '0.00', 'F', 'FAIL'),
(161, 11, 24, 1, 1, '0.00', '0.00', '0.00', '0.00', 'F', 'FAIL'),
(162, 11, 25, 1, 1, '0.00', '0.00', '0.00', '0.00', 'F', 'FAIL'),
(163, 11, 26, 1, 1, '14.00', '12.00', '56.00', '82.00', 'A', 'PASS'),
(164, 11, 27, 1, 1, '0.00', '0.00', '0.00', '0.00', 'F', 'FAIL'),
(165, 12, 1, 1, 1, '13.00', '12.00', '57.00', '82.00', 'A', 'PASS'),
(166, 12, 2, 1, 1, '13.00', '12.00', '57.00', '82.00', 'A', 'PASS'),
(167, 12, 3, 1, 1, '13.00', '12.00', '57.00', '82.00', 'A', 'PASS'),
(168, 12, 4, 1, 1, '13.00', '12.00', '57.00', '82.00', 'A', 'PASS'),
(169, 12, 5, 1, 1, '12.00', '11.00', '56.00', '79.00', 'A', 'PASS'),
(170, 12, 6, 1, 1, '12.00', '14.00', '56.00', '82.00', 'A', 'PASS'),
(171, 12, 7, 1, 1, '14.00', '14.00', '56.00', '84.00', 'A', 'PASS'),
(172, 12, 8, 1, 1, '14.00', '14.00', '56.00', '84.00', 'A', 'PASS'),
(173, 12, 9, 1, 1, '0.00', '0.00', '0.00', '0.00', 'F', 'FAIL'),
(174, 12, 10, 1, 1, '0.00', '0.00', '0.00', '0.00', 'F', 'FAIL'),
(175, 12, 11, 1, 1, '0.00', '0.00', '0.00', '0.00', 'F', 'FAIL'),
(176, 12, 12, 1, 1, '0.00', '0.00', '0.00', '0.00', 'F', 'FAIL'),
(177, 12, 13, 1, 1, '14.00', '12.00', '56.00', '82.00', 'A', 'PASS'),
(178, 12, 14, 1, 1, '0.00', '0.00', '0.00', '0.00', 'F', 'FAIL'),
(179, 12, 15, 1, 1, '0.00', '0.00', '0.00', '0.00', 'F', 'FAIL'),
(180, 12, 16, 1, 1, '0.00', '0.00', '0.00', '0.00', 'F', 'FAIL'),
(181, 12, 17, 1, 1, '14.00', '12.00', '56.00', '82.00', 'A', 'PASS'),
(182, 12, 18, 1, 1, '12.00', '13.00', '57.00', '82.00', 'A', 'PASS'),
(183, 12, 19, 1, 1, '0.00', '0.00', '0.00', '0.00', 'F', 'FAIL'),
(184, 12, 20, 1, 1, '0.00', '0.00', '0.00', '0.00', 'F', 'FAIL'),
(185, 12, 21, 1, 1, '0.00', '0.00', '0.00', '0.00', 'F', 'FAIL'),
(186, 12, 22, 1, 1, '0.00', '0.00', '0.00', '0.00', 'F', 'FAIL'),
(187, 12, 23, 1, 1, '0.00', '0.00', '0.00', '0.00', 'F', 'FAIL'),
(188, 12, 24, 1, 1, '0.00', '0.00', '0.00', '0.00', 'F', 'FAIL'),
(189, 12, 25, 1, 1, '0.00', '0.00', '0.00', '0.00', 'F', 'FAIL'),
(190, 12, 26, 1, 1, '13.00', '12.00', '57.00', '82.00', 'A', 'PASS'),
(191, 12, 27, 1, 1, '0.00', '0.00', '0.00', '0.00', 'F', 'FAIL'),
(192, 13, 1, 1, 1, '6.00', '10.00', '34.00', '50.00', 'C', 'PASS'),
(193, 13, 2, 1, 1, '6.00', '10.00', '34.00', '50.00', 'C', 'PASS'),
(194, 13, 3, 1, 1, '0.00', '0.00', '0.00', '0.00', 'F', 'FAIL'),
(195, 13, 4, 1, 1, '0.00', '0.00', '0.00', '0.00', 'F', 'FAIL'),
(196, 13, 5, 1, 1, '12.00', '14.00', '57.00', '83.00', 'A', 'PASS'),
(197, 13, 6, 1, 1, '12.00', '13.00', '57.00', '82.00', 'A', 'PASS'),
(198, 13, 7, 1, 1, '13.00', '13.00', '57.00', '83.00', 'A', 'PASS'),
(199, 13, 8, 1, 1, '0.00', '0.00', '0.00', '0.00', 'F', 'FAIL'),
(200, 13, 9, 1, 1, '14.00', '12.00', '56.00', '82.00', 'A', 'PASS'),
(201, 13, 10, 1, 1, '14.00', '12.00', '56.00', '82.00', 'A', 'PASS'),
(202, 13, 11, 1, 1, '14.00', '12.00', '56.00', '82.00', 'A', 'PASS'),
(203, 13, 12, 1, 1, '0.00', '0.00', '0.00', '0.00', 'F', 'FAIL'),
(204, 13, 13, 1, 1, '14.00', '12.00', '56.00', '82.00', 'A', 'PASS'),
(205, 13, 14, 1, 1, '0.00', '0.00', '0.00', '0.00', 'F', 'FAIL'),
(206, 13, 15, 1, 1, '0.00', '0.00', '0.00', '0.00', 'F', 'FAIL'),
(207, 13, 16, 1, 1, '14.00', '12.00', '56.00', '82.00', 'A', 'PASS'),
(208, 13, 17, 1, 1, '14.00', '12.00', '56.00', '82.00', 'A', 'PASS'),
(209, 13, 18, 1, 1, '0.00', '0.00', '0.00', '0.00', 'F', 'FAIL'),
(210, 13, 19, 1, 1, '0.00', '0.00', '0.00', '0.00', 'F', 'FAIL'),
(211, 13, 20, 1, 1, '0.00', '0.00', '0.00', '0.00', 'F', 'FAIL'),
(212, 13, 21, 1, 1, '0.00', '0.00', '0.00', '0.00', 'F', 'FAIL'),
(213, 13, 22, 1, 1, '0.00', '0.00', '0.00', '0.00', 'F', 'FAIL'),
(214, 13, 23, 1, 1, '0.00', '0.00', '0.00', '0.00', 'F', 'FAIL'),
(215, 13, 24, 1, 1, '0.00', '0.00', '0.00', '0.00', 'F', 'FAIL'),
(216, 13, 25, 1, 1, '0.00', '0.00', '0.00', '0.00', 'F', 'FAIL'),
(217, 13, 26, 1, 1, '6.00', '10.00', '34.00', '50.00', 'C', 'PASS'),
(218, 13, 27, 1, 1, '0.00', '0.00', '0.00', '0.00', 'F', 'FAIL'),
(219, 14, 1, 1, 1, '8.00', '11.00', '45.00', '64.00', 'C', 'PASS'),
(220, 14, 2, 1, 1, '8.00', '11.00', '45.00', '64.00', 'C', 'PASS'),
(221, 14, 3, 1, 1, '0.00', '0.00', '0.00', '0.00', 'F', 'FAIL'),
(222, 14, 4, 1, 1, '0.00', '0.00', '0.00', '0.00', 'F', 'FAIL'),
(223, 14, 5, 1, 1, '12.00', '14.00', '57.00', '83.00', 'A', 'PASS'),
(224, 14, 6, 1, 1, '0.00', '0.00', '0.00', '0.00', 'F', 'FAIL'),
(225, 14, 7, 1, 1, '13.00', '13.00', '57.00', '83.00', 'A', 'PASS'),
(226, 14, 8, 1, 1, '0.00', '0.00', '0.00', '0.00', 'F', 'FAIL'),
(227, 14, 9, 1, 1, '14.00', '12.00', '56.00', '82.00', 'A', 'PASS'),
(228, 14, 10, 1, 1, '14.00', '12.00', '56.00', '82.00', 'A', 'PASS'),
(229, 14, 11, 1, 1, '14.00', '12.00', '56.00', '82.00', 'A', 'PASS'),
(230, 14, 12, 1, 1, '0.00', '0.00', '0.00', '0.00', 'F', 'FAIL'),
(231, 14, 13, 1, 1, '14.00', '12.00', '56.00', '82.00', 'A', 'PASS'),
(232, 14, 14, 1, 1, '0.00', '0.00', '0.00', '0.00', 'F', 'FAIL'),
(233, 14, 15, 1, 1, '0.00', '0.00', '0.00', '0.00', 'F', 'FAIL'),
(234, 14, 16, 1, 1, '14.00', '12.00', '56.00', '82.00', 'A', 'PASS'),
(235, 14, 17, 1, 1, '14.00', '12.00', '56.00', '82.00', 'A', 'PASS'),
(236, 14, 18, 1, 1, '0.00', '0.00', '0.00', '0.00', 'F', 'FAIL'),
(237, 14, 19, 1, 1, '0.00', '0.00', '0.00', '0.00', 'F', 'FAIL'),
(238, 14, 20, 1, 1, '0.00', '0.00', '0.00', '0.00', 'F', 'FAIL'),
(239, 14, 21, 1, 1, '0.00', '0.00', '0.00', '0.00', 'F', 'FAIL'),
(240, 14, 22, 1, 1, '0.00', '0.00', '0.00', '0.00', 'F', 'FAIL'),
(241, 14, 23, 1, 1, '0.00', '0.00', '0.00', '0.00', 'F', 'FAIL'),
(242, 14, 24, 1, 1, '0.00', '0.00', '0.00', '0.00', 'F', 'FAIL'),
(243, 14, 25, 1, 1, '0.00', '0.00', '0.00', '0.00', 'F', 'FAIL'),
(244, 14, 26, 1, 1, '8.00', '11.00', '45.00', '64.00', 'C', 'PASS'),
(245, 14, 27, 1, 1, '0.00', '0.00', '0.00', '0.00', 'F', 'FAIL'),
(246, 15, 1, 1, 1, '13.00', '14.00', '69.00', '96.00', 'A', 'PASS'),
(247, 15, 2, 1, 1, '13.00', '14.00', '69.00', '96.00', 'A', 'PASS'),
(248, 15, 3, 1, 1, '0.00', '0.00', '0.00', '0.00', 'F', 'FAIL'),
(249, 15, 4, 1, 1, '0.00', '0.00', '0.00', '0.00', 'F', 'FAIL'),
(250, 15, 5, 1, 1, '12.00', '15.00', '56.00', '83.00', 'A', 'PASS'),
(251, 15, 6, 1, 1, '12.00', '14.00', '56.00', '82.00', 'A', 'PASS'),
(252, 15, 7, 1, 1, '14.00', '14.00', '56.00', '84.00', 'A', 'PASS'),
(253, 15, 8, 1, 1, '0.00', '0.00', '0.00', '0.00', 'F', 'FAIL'),
(254, 15, 9, 1, 1, '14.00', '12.00', '56.00', '82.00', 'A', 'PASS'),
(255, 15, 10, 1, 1, '14.00', '12.00', '56.00', '82.00', 'A', 'PASS'),
(256, 15, 11, 1, 1, '0.00', '0.00', '0.00', '0.00', 'F', 'FAIL'),
(257, 15, 12, 1, 1, '14.00', '12.00', '56.00', '82.00', 'A', 'PASS'),
(258, 15, 13, 1, 1, '14.00', '12.00', '56.00', '82.00', 'A', 'PASS'),
(259, 15, 14, 1, 1, '0.00', '0.00', '0.00', '0.00', 'F', 'FAIL'),
(260, 15, 15, 1, 1, '0.00', '0.00', '0.00', '0.00', 'F', 'FAIL'),
(261, 15, 16, 1, 1, '14.00', '12.00', '56.00', '82.00', 'A', 'PASS'),
(262, 15, 17, 1, 1, '14.00', '12.00', '56.00', '82.00', 'A', 'PASS'),
(263, 15, 18, 1, 1, '0.00', '0.00', '0.00', '0.00', 'F', 'FAIL'),
(264, 15, 19, 1, 1, '0.00', '0.00', '0.00', '0.00', 'F', 'FAIL'),
(265, 15, 20, 1, 1, '0.00', '0.00', '0.00', '0.00', 'F', 'FAIL'),
(266, 15, 21, 1, 1, '0.00', '0.00', '0.00', '0.00', 'F', 'FAIL'),
(267, 15, 22, 1, 1, '0.00', '0.00', '0.00', '0.00', 'F', 'FAIL'),
(268, 15, 23, 1, 1, '0.00', '0.00', '0.00', '0.00', 'F', 'FAIL'),
(269, 15, 24, 1, 1, '0.00', '0.00', '0.00', '0.00', 'F', 'FAIL'),
(270, 15, 25, 1, 1, '0.00', '0.00', '0.00', '0.00', 'F', 'FAIL'),
(271, 15, 26, 1, 1, '13.00', '14.00', '69.00', '96.00', 'A', 'PASS'),
(272, 15, 27, 1, 1, '0.00', '0.00', '0.00', '0.00', 'F', 'FAIL');

-- --------------------------------------------------------

--
-- Table structure for table `students`
--

CREATE TABLE IF NOT EXISTS `students` (
  `id` int(11) NOT NULL AUTO_INCREMENT,
  `name` varchar(100) NOT NULL,
  `reg_number` varchar(50) NOT NULL,
  `class_id` int(11) NOT NULL,
  `password` varchar(255) NOT NULL,
  PRIMARY KEY (`id`),
  UNIQUE KEY `reg_number` (`reg_number`),
  KEY `class_id` (`class_id`)
) ENGINE=InnoDB  DEFAULT CHARSET=latin1 AUTO_INCREMENT=16 ;

--
-- Dumping data for table `students`
--

INSERT INTO `students` (`id`, `name`, `reg_number`, `class_id`, `password`) VALUES
(6, 'John Deo', 'JSS1-001', 1, '$2y$10$C702HODCJHW/UPH4xMr9hul4hwR.cEPO7FfsQfd6ptAqg4/4m1v6y'),
(7, 'Frank Deo', 'JSS1-002', 1, '$2y$10$89N5tAowP.XItMhrmmBV0uDG1Ql684PcolyLXdVLt/mp8S1wEVZOe'),
(8, 'Mark Deo', 'JSS1-003', 1, '$2y$10$U8TIw6XdA0sVkmc8Do9LG.h63L.4CS8jWXbrb3Uf1uUf2ecdWDPvq'),
(9, 'Franka Deo', 'JSS1-004', 1, '$2y$10$0bzfVuvoinyYAdp8zN2B.euS1W44lQONGbc0KaU1XtqKNEpeSuZuO'),
(10, 'Sandra Deo', 'JSS1-005', 1, '$2y$10$9/gFYZeGCeuRbbTIFbUqpuxc1EjPMv2P.SFyuO0wWfM6d1Xvhj77S'),
(11, 'John Mark', 'SS2-001', 4, '$2y$10$gb0kf8LkKFe2Zi3H1DK2oub/NsKTTrLHsCuaSpA.3PSs.Ga/K7oVK'),
(12, 'Frank Mark', 'SS2-002', 4, '$2y$10$4soiR3vCE6115oZ4x9fFXeVjySNmx/8bxrG6dl8vT7Xze3onPGi56'),
(13, 'Mark Lark', 'SS2-003', 4, '$2y$10$2ks8Efu8wNZGJW7fDwTSU.Tnl82molBMG.R16Y46Z5eEoqlcK2xhy'),
(14, 'Franka Didy', 'SS2-004', 4, '$2y$10$cvccMLQRwmdAmgYR32Mme.WkuozXVmwz2vXZzVd23Qex1LZDLvhuK'),
(15, 'Sandra King', 'SS2-005', 4, '$2y$10$QJuQM60Tx01kUjqWO2lT/.mFJ70vDUUgC2ispkC0TGgsAHa3fewqi');

-- --------------------------------------------------------

--
-- Table structure for table `subjects`
--

CREATE TABLE IF NOT EXISTS `subjects` (
  `id` int(11) NOT NULL AUTO_INCREMENT,
  `name` varchar(50) NOT NULL,
  `code` varchar(20) DEFAULT NULL,
  PRIMARY KEY (`id`)
) ENGINE=InnoDB  DEFAULT CHARSET=latin1 AUTO_INCREMENT=28 ;

--
-- Dumping data for table `subjects`
--

INSERT INTO `subjects` (`id`, `name`, `code`) VALUES
(1, 'Mathematics', NULL),
(2, 'English', NULL),
(3, 'Physics', NULL),
(4, 'Chemistry', NULL),
(5, 'Biology', NULL),
(6, 'Geography', NULL),
(7, 'Economics', NULL),
(8, 'Further Maths', NULL),
(9, 'Literature', NULL),
(10, 'Government', NULL),
(11, 'CRK', NULL),
(12, 'IRK', NULL),
(13, 'Agric Science', NULL),
(14, 'Home Economics', NULL),
(15, 'Business Studies', NULL),
(16, 'Accounting', NULL),
(17, 'Commerce', NULL),
(18, 'Computer Science', NULL),
(19, 'Physical Education', NULL),
(20, 'Music', NULL),
(21, 'Fine Arts', NULL),
(22, 'French', NULL),
(23, 'Yoruba', NULL),
(24, 'Hausa', NULL),
(25, 'Igbo', NULL),
(26, 'Civic Education', NULL),
(27, 'Social Studies', NULL);

-- --------------------------------------------------------

--
-- Table structure for table `terms`
--

CREATE TABLE IF NOT EXISTS `terms` (
  `id` int(11) NOT NULL AUTO_INCREMENT,
  `name` varchar(20) NOT NULL,
  PRIMARY KEY (`id`)
) ENGINE=InnoDB  DEFAULT CHARSET=latin1 AUTO_INCREMENT=4 ;

--
-- Dumping data for table `terms`
--

INSERT INTO `terms` (`id`, `name`) VALUES
(1, 'First Term'),
(2, 'Second Term'),
(3, 'Third Term');

--
-- Constraints for dumped tables
--

--
-- Constraints for table `affective_skills`
--
ALTER TABLE `affective_skills`
  ADD CONSTRAINT `affective_skills_ibfk_1` FOREIGN KEY (`student_id`) REFERENCES `students` (`id`);

--
-- Constraints for table `gpa_records`
--
ALTER TABLE `gpa_records`
  ADD CONSTRAINT `gpa_records_ibfk_1` FOREIGN KEY (`student_id`) REFERENCES `students` (`id`);

--
-- Constraints for table `psychomotor_skills`
--
ALTER TABLE `psychomotor_skills`
  ADD CONSTRAINT `psychomotor_skills_ibfk_1` FOREIGN KEY (`student_id`) REFERENCES `students` (`id`);

--
-- Constraints for table `results`
--
ALTER TABLE `results`
  ADD CONSTRAINT `results_ibfk_1` FOREIGN KEY (`student_id`) REFERENCES `students` (`id`),
  ADD CONSTRAINT `results_ibfk_2` FOREIGN KEY (`subject_id`) REFERENCES `subjects` (`id`),
  ADD CONSTRAINT `results_ibfk_3` FOREIGN KEY (`session_id`) REFERENCES `academic_sessions` (`id`),
  ADD CONSTRAINT `results_ibfk_4` FOREIGN KEY (`term_id`) REFERENCES `terms` (`id`);

--
-- Constraints for table `students`
--
ALTER TABLE `students`
  ADD CONSTRAINT `students_ibfk_1` FOREIGN KEY (`class_id`) REFERENCES `classes` (`id`);

/*!40101 SET CHARACTER_SET_CLIENT=@OLD_CHARACTER_SET_CLIENT */;
/*!40101 SET CHARACTER_SET_RESULTS=@OLD_CHARACTER_SET_RESULTS */;
/*!40101 SET COLLATION_CONNECTION=@OLD_COLLATION_CONNECTION */;
